<AGENTSCRIPT>
    <TASKGROUP name="Tokenize DB Scripts">
        <setproperty property="machine.name" system="true"/>
        <setproperty property="domain.name" system="true"/>
        <setproperty property="install.db.dir.temp" system="true"/>
        <setproperty property="admin.database.host" system="true"/>
        <setproperty property="oracle.system.port" system="true"/>
        <setproperty property="oracle.9ias.instance.port" system="true"/>
    
        <setproperty property="is.licensed.nexgen.mic" system="true"/>
        <setproperty property="is.licensed.nexgen.ri" system="true"/>
        <setproperty property="is.licensed.bi" system="true"/>
        
        <replace target="..\stage" threading="false" failonerror="true">
            <include dir="@"/>
            <exclude dir="database.bak"/>
            <exclude dir="upgrade"/>
            <include file="@.bat"/>
            <include file="mic_messaging.que"/>
            <include file="drop_mic_common_schema.sql"/>
            <include file="mic_admin_common.dat"/>
        </replace>

        <sqlplus file="${drop.mic.common.schema.script}" username="${oracle.system.user}" password="${oracle.system.password}" tns="${oracle.system.tns.alias}" command_timeout="60"/>
        <exec command="${create.mic.common.schema.script}" dir="${install.db.dir.temp}" command_timeout="300" failonerror="true"/>
        <exec command="${install.mic.common.schema.script}" dir="${install.db.dir.temp}" command_timeout="300" failonerror="true"/>

        <sql query="${default.farm.id.query}" isQuery="true"
             driver="${jdbc.driver.class}"
             url="${jdbc.admin.datasource.url}"
             username="${jdbc.admin.datasource.username}"
             password="${jdbc.admin.datasource.password}"
             column="farm_id" sets="farm.id"/>

        <callablesql query="{ call k_manage_admin.p_add_machine(?,?,?,?,?,?,?,?,?,?,?,?) }"
                     isQuery="false"
                     driver="${jdbc.driver.class}"
                     url="${jdbc.admin.datasource.url}"
                     username="${jdbc.admin.datasource.username}"
                     password="${jdbc.admin.datasource.password}"
                     sets="machine.id">
            <sqlarg type="${sql.type.bigint}" value="${farm.id}"/>
            <sqlarg type="${sql.type.varchar}" value="${machine.name}"/>
            <sqlarg type="${sql.type.varchar}" value="${machine.name}"/>
            <sqlarg type="${sql.type.varchar}" value="Installed Machine"/>
            <sqlarg type="${sql.type.varchar}" value="${machine.ip.address}"/>
            <sqlarg type="${sql.type.varchar}" value="${domain.name}"/>
            <sqlarg type="${sql.type.varchar}" value="${domain.name}"/>
            <sqlarg type="${sql.type.bigint}" value="${oracle.9ias.instance.port}"/>
            <sqlarg type="${sql.type.varchar}" value="${mic.home}"/>
            <sqlarg type="${sql.type.varchar}" value="Y"/>
            <sqlarg type="${sql.type.varchar}" value="${mic.com.user}"/>
            <sqlarg type="${sql.type.bigint}" outparam="true" issets="true"/>
        </callablesql>

        <sqlplus file="${install.db.mic_admin.security.dat}"
                 username="${jdbc.admin.datasource.name}"
                 password="${jdbc.admin.datasource.password}"
                 tns="${admin.database.tns.alias}"
                 failonerror="true"
                 command_timeout="60"/>

        <sqlplus file="..\create-install-path.sql" username="${jdbc.admin.datasource.username}" password="${jdbc.admin.datasource.password}" tns="${oracle.system.tns.alias}" command_timeout="60" failonerror="true"/>
        
        <sql query="INSERT INTO ZZZ_INSTALL_PATH_CAN_CLEANUP(ZIPCC_TYPE, ZIPCC_DATE_CREATED) VALUES('base', sysdate)"
             isQuery="false"
             driver="${jdbc.driver.class}"
             url="${jdbc.admin.datasource.url}"
             username="${jdbc.admin.datasource.username}"
             password="${jdbc.admin.datasource.password}"/>

     </TASKGROUP>
</AGENTSCRIPT>
