<AGENTSCRIPT>
    <TASKGROUP name="Tokenize DB Scripts">
        <setproperty property="machine.name" system="true"/>
        <setproperty property="domain.name" system="true"/>
        <setproperty property="install.db.dir.temp" system="true"/>
        <setproperty property="admin.database.host" system="true"/>
        <setproperty property="oracle.system.port" system="true"/>
    
        <setproperty property="customer.code" system="true"/>
        <setproperty property="customer.domain" system="true"/>
        <setproperty property="customer.name" system="true"/>
        <setproperty property="dualEnvironment.nextgen.flag" system="true"/>
        <setproperty property="is.licensed.nexgen.mic" system="true"/>
        <setproperty property="is.licensed.nexgen.ri" system="true"/>
        <setproperty property="is.licensed.bi" system="true"/>

        <sqlplus file="..\customer-cleanup-admin.sql"
                 silent="true"
                 username="${jdbc.admin.datasource.username}"
                 password="${jdbc.admin.datasource.password}"
                 tns="${oracle.system.tns.alias}"
                 command_timeout="300">
            <arg value="${customer.code}"/>
            <arg value="${oracle.system.sid}"/>
        </sqlplus>
            
        <callablesql query="{ call k_manage_admin.p_add_customer(?,?,?,?,?) }"
                     isQuery="false" driver="${jdbc.driver.class}"
                     url="${jdbc.admin.datasource.url}"
                     username="${jdbc.admin.datasource.username}"
                     password="${jdbc.admin.datasource.password}"
                     sets="customer.id">
            <sqlarg type="${sql.type.varchar}" value="${customer.name}"/>
            <sqlarg type="${sql.type.varchar}" value="${customer.domain}"/>
            <sqlarg type="${sql.type.varchar}" value="${customer.code}"/>
            <sqlarg type="${sql.type.varchar}" value="${mic.com.user}"/>
            <sqlarg type="${sql.type.bigint}" outparam="true" issets="true"/>
        </callablesql>

        <echo message="${customer.id}"/>
        
        <sql query="${machine.id.query}" isQuery="true"
             driver="${jdbc.driver.class}"
             url="${jdbc.admin.datasource.url}"
             username="${jdbc.admin.datasource.username}"
             password="${jdbc.admin.datasource.password}"
             column="ama_machine_id" sets="machine.id"/>

        <replace target="..\stage" threading="false" failonerror="true">
            <include dir="@"/>
            <exclude dir="database.bak"/>
            <exclude dir="upgrade"/>
            <include file="@.bat"/>
            <include file="mic_messaging.que"/>
            <include file="drop_mic_customer_schemas.sql"/>
            <include file="mic_admin_customer.dat"/>
            <include file="mic_admin_customer.grt"/>
            <include file="mic_admin_security_providers.dat"/>
            <include file="mic_admin_service_machine.dat"/>
        </replace>

        <sqlplus file="..\create-install-path.sql" username="${jdbc.admin.datasource.username}" password="${jdbc.admin.datasource.password}" tns="${oracle.system.tns.alias}" command_timeout="60" failonerror="true"/>
        
        <setproperty property="insert.verify.query" expression="INSERT INTO ZZZ_INSTALL_PATH_CAN_CLEANUP(ZIPCC_TYPE, ZIPCC_DATE_CREATED) VALUES('${customer.code}', sysdate)"/>
        <sql query="${insert.verify.query}"
             isQuery="false"
             driver="${jdbc.driver.class}"
             url="${jdbc.admin.datasource.url}"
             username="${jdbc.admin.datasource.username}"
             password="${jdbc.admin.datasource.password}"/>

        <sqlplus file="${drop.mic.customer.schema.script}" username="${oracle.system.user}" password="${oracle.system.password}" tns="${oracle.system.tns.alias}" command_timeout="99999"/>
        
        <exec command="${install.mic.customer.schema.script}" dir="${install.db.dir.temp}" command_timeout="99999" failonerror="true" quoteargs="false">
            <arg value=">"/>
            <arg value="..\..\db-cd3-install.log"/>
        </exec>

        <sqlplus file="${mic.messaging.queues.drop}"
                 username="${jdbc.messaging.datasource.username}"
                 password="${jdbc.messaging.datasource.password}"
                 tns="${admin.database.tns.alias}" command_timeout="300"/>

        <sqlplus file="${mic.messaging.queues.dat}"
                 username="${jdbc.messaging.datasource.username}"
                 password="${jdbc.messaging.datasource.password}"
                 tns="${admin.database.tns.alias}" command_timeout="300"/>

        <sqlplus file="${drop.mic.customer.properties.script}"
                 username="${jdbc.admin.datasource.username}"
                 password="${jdbc.admin.datasource.password}"
                 tns="${admin.database.tns.alias}" command_timeout="300"/>

        <sqlplus file="${drop.mic.service.box.customer.properties.script}"
                 username="${jdbc.admin.datasource.username}"
                 password="${jdbc.admin.datasource.password}"
                 tns="${admin.database.tns.alias}" command_timeout="300"/>

        <security driver="${jdbc.driver.class}"
                    url="${jdbc.admin.datasource.url}"
                    username="${jdbc.admin.datasource.username}"
                    password="${jdbc.admin.datasource.password}"/>

        <addrealm realm="${customer.domain}"
                  rerun="true"/>

        <sqlplus file="${install.db.mic_admin.security_providers.dat}"
                 username="${jdbc.admin.datasource.username}"
                 password="${jdbc.admin.datasource.password}"
                 tns="${admin.database.tns.alias}" command_timeout="300"
                 failonerror="true"/>

        <sqlplus file="${install.db.mic_admin.customer.dat}"
                 username="${jdbc.admin.datasource.username}"
                 password="${jdbc.admin.datasource.password}"
                 tns="${admin.database.tns.alias}" command_timeout="300"
                 failonerror="true"/>

        <sqlplus file="${install.db.mic_admin.service.machine.dat}"
                 username="${jdbc.admin.datasource.username}"
                 password="${jdbc.admin.datasource.password}"
                 tns="${admin.database.tns.alias}" command_timeout="300"
                 failonerror="true"/>
     </TASKGROUP>
</AGENTSCRIPT>
